experiment_name,run_id,algorithm,domain,instance,seed,status,stop_reason,initial_objective,best_objective,final_objective,runtime_seconds,objective_evaluations,iterations,parameters,error_message
fs_wineew_particle_swarm,particle_swarm_run_001,particle_swarm,feature_selection,WineEW,4000,completed,evaluation_budget_exhausted,0.6140021808854762,0.5986175655008608,0.5986175655008608,399.3637488000095,5000,166,"{""cognitive_coefficient"": 1.8, ""inertia_weight"": 0.6, ""operators"": [""flip"", ""swap""], ""social_coefficient"": 1.8, ""swarm_size"": 30}",
fs_wineew_particle_swarm,particle_swarm_run_002,particle_swarm,feature_selection,WineEW,4001,completed,evaluation_budget_exhausted,0.6293867962700915,0.5986175655008608,0.5986175655008608,407.5319808999775,5000,166,"{""cognitive_coefficient"": 1.8, ""inertia_weight"": 0.6, ""operators"": [""flip"", ""swap""], ""social_coefficient"": 1.8, ""swarm_size"": 30}",
fs_wineew_particle_swarm,particle_swarm_run_003,particle_swarm,feature_selection,WineEW,4002,completed,evaluation_budget_exhausted,0.6216944885777839,0.5986175655008608,0.5986175655008608,410.5407942000311,5000,166,"{""cognitive_coefficient"": 1.8, ""inertia_weight"": 0.6, ""operators"": [""flip"", ""swap""], ""social_coefficient"": 1.8, ""swarm_size"": 30}",
fs_wineew_particle_swarm,particle_swarm_run_004,particle_swarm,feature_selection,WineEW,4003,completed,evaluation_budget_exhausted,0.6293867962700915,0.5986175655008608,0.5986175655008608,432.72652070003096,5000,166,"{""cognitive_coefficient"": 1.8, ""inertia_weight"": 0.6, ""operators"": [""flip"", ""swap""], ""social_coefficient"": 1.8, ""swarm_size"": 30}",
fs_wineew_particle_swarm,particle_swarm_run_005,particle_swarm,feature_selection,WineEW,4004,completed,evaluation_budget_exhausted,0.6370791039623993,0.5986175655008608,0.5986175655008608,407.5568313000258,5000,166,"{""cognitive_coefficient"": 1.8, ""inertia_weight"": 0.6, ""operators"": [""flip"", ""swap""], ""social_coefficient"": 1.8, ""swarm_size"": 30}",
fs_wineew_particle_swarm,particle_swarm_run_006,particle_swarm,feature_selection,WineEW,4005,completed,evaluation_budget_exhausted,0.6063098731931684,0.5986175655008608,0.5986175655008608,415.3138210999896,5000,166,"{""cognitive_coefficient"": 1.8, ""inertia_weight"": 0.6, ""operators"": [""flip"", ""swap""], ""social_coefficient"": 1.8, ""swarm_size"": 30}",
fs_wineew_particle_swarm,particle_swarm_run_007,particle_swarm,feature_selection,WineEW,4006,completed,evaluation_budget_exhausted,0.6216944885777839,0.5986175655008608,0.5986175655008608,418.4424067999935,5000,166,"{""cognitive_coefficient"": 1.8, ""inertia_weight"": 0.6, ""operators"": [""flip"", ""swap""], ""social_coefficient"": 1.8, ""swarm_size"": 30}",
fs_wineew_particle_swarm,particle_swarm_run_008,particle_swarm,feature_selection,WineEW,4007,completed,evaluation_budget_exhausted,0.6216944885777839,0.6063098731931684,0.6063098731931684,412.3002542000031,5000,166,"{""cognitive_coefficient"": 1.8, ""inertia_weight"": 0.6, ""operators"": [""flip"", ""swap""], ""social_coefficient"": 1.8, ""swarm_size"": 30}",
fs_wineew_particle_swarm,particle_swarm_run_009,particle_swarm,feature_selection,WineEW,4008,completed,evaluation_budget_exhausted,0.6216944885777839,0.5986175655008608,0.5986175655008608,369.29157539998414,5000,166,"{""cognitive_coefficient"": 1.8, ""inertia_weight"": 0.6, ""operators"": [""flip"", ""swap""], ""social_coefficient"": 1.8, ""swarm_size"": 30}",
fs_wineew_particle_swarm,particle_swarm_run_010,particle_swarm,feature_selection,WineEW,4009,completed,evaluation_budget_exhausted,0.6216944885777839,0.5986175655008608,0.5986175655008608,362.08365929999854,5000,166,"{""cognitive_coefficient"": 1.8, ""inertia_weight"": 0.6, ""operators"": [""flip"", ""swap""], ""social_coefficient"": 1.8, ""swarm_size"": 30}",
fs_wineew_particle_swarm,particle_swarm_run_011,particle_swarm,feature_selection,WineEW,4010,completed,evaluation_budget_exhausted,0.6293867962700915,0.5986175655008608,0.5986175655008608,362.935006899992,5000,166,"{""cognitive_coefficient"": 1.8, ""inertia_weight"": 0.6, ""operators"": [""flip"", ""swap""], ""social_coefficient"": 1.8, ""swarm_size"": 30}",
fs_wineew_particle_swarm,particle_swarm_run_012,particle_swarm,feature_selection,WineEW,4011,completed,evaluation_budget_exhausted,0.6140021808854762,0.5986175655008608,0.5986175655008608,373.0480427000439,5000,166,"{""cognitive_coefficient"": 1.8, ""inertia_weight"": 0.6, ""operators"": [""flip"", ""swap""], ""social_coefficient"": 1.8, ""swarm_size"": 30}",
fs_wineew_particle_swarm,particle_swarm_run_013,particle_swarm,feature_selection,WineEW,4012,completed,evaluation_budget_exhausted,0.6293867962700915,0.5986175655008608,0.5986175655008608,343.0229510999634,5000,166,"{""cognitive_coefficient"": 1.8, ""inertia_weight"": 0.6, ""operators"": [""flip"", ""swap""], ""social_coefficient"": 1.8, ""swarm_size"": 30}",
fs_wineew_particle_swarm,particle_swarm_run_014,particle_swarm,feature_selection,WineEW,4013,completed,evaluation_budget_exhausted,0.6216944885777839,0.5986175655008608,0.5986175655008608,357.42665410001064,5000,166,"{""cognitive_coefficient"": 1.8, ""inertia_weight"": 0.6, ""operators"": [""flip"", ""swap""], ""social_coefficient"": 1.8, ""swarm_size"": 30}",
fs_wineew_particle_swarm,particle_swarm_run_015,particle_swarm,feature_selection,WineEW,4014,completed,evaluation_budget_exhausted,0.6293867962700915,0.5986175655008608,0.5986175655008608,348.5352395999944,5000,166,"{""cognitive_coefficient"": 1.8, ""inertia_weight"": 0.6, ""operators"": [""flip"", ""swap""], ""social_coefficient"": 1.8, ""swarm_size"": 30}",
fs_wineew_particle_swarm,particle_swarm_run_016,particle_swarm,feature_selection,WineEW,4015,completed,evaluation_budget_exhausted,0.6293867962700915,0.5986175655008608,0.5986175655008608,367.3297580999788,5000,166,"{""cognitive_coefficient"": 1.8, ""inertia_weight"": 0.6, ""operators"": [""flip"", ""swap""], ""social_coefficient"": 1.8, ""swarm_size"": 30}",
fs_wineew_particle_swarm,particle_swarm_run_017,particle_swarm,feature_selection,WineEW,4016,completed,evaluation_budget_exhausted,0.6140021808854762,0.5986175655008608,0.5986175655008608,365.3055951000424,5000,166,"{""cognitive_coefficient"": 1.8, ""inertia_weight"": 0.6, ""operators"": [""flip"", ""swap""], ""social_coefficient"": 1.8, ""swarm_size"": 30}",
fs_wineew_particle_swarm,particle_swarm_run_018,particle_swarm,feature_selection,WineEW,4017,completed,evaluation_budget_exhausted,0.6140021808854762,0.5986175655008608,0.5986175655008608,368.5060422999668,5000,166,"{""cognitive_coefficient"": 1.8, ""inertia_weight"": 0.6, ""operators"": [""flip"", ""swap""], ""social_coefficient"": 1.8, ""swarm_size"": 30}",
fs_wineew_particle_swarm,particle_swarm_run_019,particle_swarm,feature_selection,WineEW,4018,completed,evaluation_budget_exhausted,0.6216944885777839,0.5986175655008608,0.5986175655008608,294.423293299973,5000,166,"{""cognitive_coefficient"": 1.8, ""inertia_weight"": 0.6, ""operators"": [""flip"", ""swap""], ""social_coefficient"": 1.8, ""swarm_size"": 30}",
fs_wineew_particle_swarm,particle_swarm_run_020,particle_swarm,feature_selection,WineEW,4019,completed,evaluation_budget_exhausted,0.6216944885777839,0.5986175655008608,0.5986175655008608,248.13529689999996,5000,166,"{""cognitive_coefficient"": 1.8, ""inertia_weight"": 0.6, ""operators"": [""flip"", ""swap""], ""social_coefficient"": 1.8, ""swarm_size"": 30}",
fs_wineew_particle_swarm,particle_swarm_run_021,particle_swarm,feature_selection,WineEW,4020,completed,evaluation_budget_exhausted,0.6216944885777839,0.5986175655008608,0.5986175655008608,249.6859927000478,5000,166,"{""cognitive_coefficient"": 1.8, ""inertia_weight"": 0.6, ""operators"": [""flip"", ""swap""], ""social_coefficient"": 1.8, ""swarm_size"": 30}",
fs_wineew_particle_swarm,particle_swarm_run_022,particle_swarm,feature_selection,WineEW,4021,completed,evaluation_budget_exhausted,0.6293867962700915,0.5986175655008608,0.5986175655008608,239.32430009997915,5000,166,"{""cognitive_coefficient"": 1.8, ""inertia_weight"": 0.6, ""operators"": [""flip"", ""swap""], ""social_coefficient"": 1.8, ""swarm_size"": 30}",
fs_wineew_particle_swarm,particle_swarm_run_023,particle_swarm,feature_selection,WineEW,4022,completed,evaluation_budget_exhausted,0.6216944885777839,0.5986175655008608,0.5986175655008608,162.06335389998276,5000,166,"{""cognitive_coefficient"": 1.8, ""inertia_weight"": 0.6, ""operators"": [""flip"", ""swap""], ""social_coefficient"": 1.8, ""swarm_size"": 30}",
fs_wineew_particle_swarm,particle_swarm_run_024,particle_swarm,feature_selection,WineEW,4023,completed,evaluation_budget_exhausted,0.6293867962700915,0.5986175655008608,0.5986175655008608,160.2442360999994,5000,166,"{""cognitive_coefficient"": 1.8, ""inertia_weight"": 0.6, ""operators"": [""flip"", ""swap""], ""social_coefficient"": 1.8, ""swarm_size"": 30}",
fs_wineew_particle_swarm,particle_swarm_run_025,particle_swarm,feature_selection,WineEW,4024,completed,evaluation_budget_exhausted,0.6140021808854762,0.5986175655008608,0.5986175655008608,160.1164661999792,5000,166,"{""cognitive_coefficient"": 1.8, ""inertia_weight"": 0.6, ""operators"": [""flip"", ""swap""], ""social_coefficient"": 1.8, ""swarm_size"": 30}",
fs_wineew_particle_swarm,particle_swarm_run_026,particle_swarm,feature_selection,WineEW,4025,completed,evaluation_budget_exhausted,0.6293867962700915,0.6063098731931684,0.6063098731931684,162.30197050003335,5000,166,"{""cognitive_coefficient"": 1.8, ""inertia_weight"": 0.6, ""operators"": [""flip"", ""swap""], ""social_coefficient"": 1.8, ""swarm_size"": 30}",
fs_wineew_particle_swarm,particle_swarm_run_027,particle_swarm,feature_selection,WineEW,4026,completed,evaluation_budget_exhausted,0.6216944885777839,0.5986175655008608,0.5986175655008608,158.43418629997177,5000,166,"{""cognitive_coefficient"": 1.8, ""inertia_weight"": 0.6, ""operators"": [""flip"", ""swap""], ""social_coefficient"": 1.8, ""swarm_size"": 30}",
fs_wineew_particle_swarm,particle_swarm_run_028,particle_swarm,feature_selection,WineEW,4027,completed,evaluation_budget_exhausted,0.6293867962700915,0.5986175655008608,0.5986175655008608,161.08518189995084,5000,166,"{""cognitive_coefficient"": 1.8, ""inertia_weight"": 0.6, ""operators"": [""flip"", ""swap""], ""social_coefficient"": 1.8, ""swarm_size"": 30}",
fs_wineew_particle_swarm,particle_swarm_run_029,particle_swarm,feature_selection,WineEW,4028,completed,evaluation_budget_exhausted,0.6216944885777839,0.5986175655008608,0.5986175655008608,224.5742471999838,5000,166,"{""cognitive_coefficient"": 1.8, ""inertia_weight"": 0.6, ""operators"": [""flip"", ""swap""], ""social_coefficient"": 1.8, ""swarm_size"": 30}",
fs_wineew_particle_swarm,particle_swarm_run_030,particle_swarm,feature_selection,WineEW,4029,completed,evaluation_budget_exhausted,0.6140021808854762,0.5986175655008608,0.5986175655008608,181.7988500999636,5000,166,"{""cognitive_coefficient"": 1.8, ""inertia_weight"": 0.6, ""operators"": [""flip"", ""swap""], ""social_coefficient"": 1.8, ""swarm_size"": 30}",
